标题,播放数,链接
https://music.163.com/playlist?id=2731526917
https://music.163.com/playlist?id=2335548255
https://music.163.com/playlist?id=2708697347
https://music.163.com/playlist?id=623813202
https://music.163.com/playlist?id=2863549845
https://music.163.com/playlist?id=2546895239
https://music.163.com/playlist?id=2469125271
https://music.163.com/playlist?id=2812685091
https://music.163.com/playlist?id=2250667729
https://music.163.com/playlist?id=2253353419
https://music.163.com/playlist?id=2366527805
https://music.163.com/playlist?id=2802435509
https://music.163.com/playlist?id=2825378452
https://music.163.com/playlist?id=2895426176
https://music.163.com/playlist?id=1988650679
https://music.163.com/playlist?id=2732037290
https://music.163.com/playlist?id=2751101228
https://music.163.com/playlist?id=2796338476
https://music.163.com/playlist?id=2161970231
https://music.163.com/playlist?id=2795889898
https://music.163.com/playlist?id=2083409571
https://music.163.com/playlist?id=2438108409
https://music.163.com/playlist?id=2771970585
https://music.163.com/playlist?id=990907486
https://music.163.com/playlist?id=2082564528
https://music.163.com/playlist?id=2739692221
https://music.163.com/playlist?id=2977700956
https://music.163.com/playlist?id=2886224080
https://music.163.com/playlist?id=2922513478
https://music.163.com/playlist?id=2433696048
https://music.163.com/playlist?id=2716272848
https://music.163.com/playlist?id=2920471281
https://music.163.com/playlist?id=548495455
https://music.163.com/playlist?id=2936538177
https://music.163.com/playlist?id=2505580678
https://music.163.com/playlist?id=2846453528
https://music.163.com/playlist?id=2112661311
https://music.163.com/playlist?id=2946843438
https://music.163.com/playlist?id=594804777
https://music.163.com/playlist?id=645573178
https://music.163.com/playlist?id=2853194522
https://music.163.com/playlist?id=531321323
https://music.163.com/playlist?id=2842546585
https://music.163.com/playlist?id=2903932321
https://music.163.com/playlist?id=2684088238
https://music.163.com/playlist?id=2130746789
https://music.163.com/playlist?id=2933478327
https://music.163.com/playlist?id=909019684
https://music.163.com/playlist?id=552576114
https://music.163.com/playlist?id=2942786831
https://music.163.com/playlist?id=941890036
https://music.163.com/playlist?id=2579685854
https://music.163.com/playlist?id=2512179117
https://music.163.com/playlist?id=2407811246
https://music.163.com/playlist?id=2869035742
https://music.163.com/playlist?id=2332465328
https://music.163.com/playlist?id=815716574
https://music.163.com/playlist?id=893153237
https://music.163.com/playlist?id=605199421
https://music.163.com/playlist?id=811321317
https://music.163.com/playlist?id=2332717670
https://music.163.com/playlist?id=959678630
https://music.163.com/playlist?id=2027511311
https://music.163.com/playlist?id=596729952
https://music.163.com/playlist?id=2828842343
https://music.163.com/playlist?id=2229469033
https://music.163.com/playlist?id=2531631787
https://music.163.com/playlist?id=2100979227
https://music.163.com/playlist?id=2106210831
https://music.163.com/playlist?id=953520783
https://music.163.com/playlist?id=2347480105
https://music.163.com/playlist?id=2709514173
https://music.163.com/playlist?id=617728052
https://music.163.com/playlist?id=443797814
https://music.163.com/playlist?id=2252732530
https://music.163.com/playlist?id=620809527
https://music.163.com/playlist?id=912837255
https://music.163.com/playlist?id=2456961456
https://music.163.com/playlist?id=2493547662
https://music.163.com/playlist?id=2488237163
https://music.163.com/playlist?id=2185828257
https://music.163.com/playlist?id=2088799380
https://music.163.com/playlist?id=2220081292
https://music.163.com/playlist?id=2044083911
https://music.163.com/playlist?id=2128707518
https://music.163.com/playlist?id=561686874
https://music.163.com/playlist?id=2687667924
https://music.163.com/playlist?id=2009382141
https://music.163.com/playlist?id=817197703
https://music.163.com/playlist?id=2731655806
https://music.163.com/playlist?id=2221422692
https://music.163.com/playlist?id=2869983519
https://music.163.com/playlist?id=2879409906
https://music.163.com/playlist?id=2722916074
https://music.163.com/playlist?id=2429929844
https://music.163.com/playlist?id=2089451943
https://music.163.com/playlist?id=2420716839
https://music.163.com/playlist?id=971879122
https://music.163.com/playlist?id=653031698
https://music.163.com/playlist?id=2062400855
https://music.163.com/playlist?id=813775157
https://music.163.com/playlist?id=2489237233
https://music.163.com/playlist?id=2172729859
https://music.163.com/playlist?id=2439359373
https://music.163.com/playlist?id=2376558926
https://music.163.com/playlist?id=2138601603
https://music.163.com/playlist?id=906617738
https://music.163.com/playlist?id=965283465
https://music.163.com/playlist?id=2086524730
https://music.163.com/playlist?id=2689851760
https://music.163.com/playlist?id=2733846815
https://music.163.com/playlist?id=2522633671
https://music.163.com/playlist?id=2330265564
https://music.163.com/playlist?id=2226970083
https://music.163.com/playlist?id=2128095396
https://music.163.com/playlist?id=636185927
https://music.163.com/playlist?id=2202375214
https://music.163.com/playlist?id=2889967036
https://music.163.com/playlist?id=2073678124
https://music.163.com/playlist?id=2114154989
https://music.163.com/playlist?id=2733495482
https://music.163.com/playlist?id=2719841986
https://music.163.com/playlist?id=2178543853
https://music.163.com/playlist?id=2111786426
https://music.163.com/playlist?id=949406201
https://music.163.com/playlist?id=2749651218
https://music.163.com/playlist?id=2838789647
https://music.163.com/playlist?id=2036651028
https://music.163.com/playlist?id=2311603368
https://music.163.com/playlist?id=2176444593
https://music.163.com/playlist?id=636598477
https://music.163.com/playlist?id=2009159590
https://music.163.com/playlist?id=2427280345
https://music.163.com/playlist?id=2772028857
https://music.163.com/playlist?id=2138234164
https://music.163.com/playlist?id=745510353
https://music.163.com/playlist?id=1992884280
https://music.163.com/playlist?id=929971396
https://music.163.com/playlist?id=2778782119
https://music.163.com/playlist?id=2703541159
https://music.163.com/playlist?id=2256688304
https://music.163.com/playlist?id=2138158914
https://music.163.com/playlist?id=2181436358
https://music.163.com/playlist?id=2500591174
https://music.163.com/playlist?id=2308326138
https://music.163.com/playlist?id=2382814072
https://music.163.com/playlist?id=2723450345
https://music.163.com/playlist?id=2075331099
https://music.163.com/playlist?id=2768395509
https://music.163.com/playlist?id=2526040012
https://music.163.com/playlist?id=2902124844
https://music.163.com/playlist?id=2433526555
https://music.163.com/playlist?id=2375787719
https://music.163.com/playlist?id=2075642590
https://music.163.com/playlist?id=2551764474
https://music.163.com/playlist?id=2777821614
https://music.163.com/playlist?id=585761705
https://music.163.com/playlist?id=899934584
https://music.163.com/playlist?id=2929230550
https://music.163.com/playlist?id=2220042776
https://music.163.com/playlist?id=2295020219
https://music.163.com/playlist?id=2439826061
https://music.163.com/playlist?id=2008837697
https://music.163.com/playlist?id=2000735011
https://music.163.com/playlist?id=2950245061
https://music.163.com/playlist?id=2127435358
https://music.163.com/playlist?id=2460201611
https://music.163.com/playlist?id=875732045
https://music.163.com/playlist?id=973886282
https://music.163.com/playlist?id=2544569717
https://music.163.com/playlist?id=2506086296
https://music.163.com/playlist?id=2054323729
https://music.163.com/playlist?id=2900722591
https://music.163.com/playlist?id=2898363371
https://music.163.com/playlist?id=2635359836
https://music.163.com/playlist?id=2474537199
https://music.163.com/playlist?id=2729966026
https://music.163.com/playlist?id=2713051252
https://music.163.com/playlist?id=2852966315
https://music.163.com/playlist?id=2817114737
https://music.163.com/playlist?id=2714194426
https://music.163.com/playlist?id=2766753738
https://music.163.com/playlist?id=2928999576
https://music.163.com/playlist?id=2506633526
https://music.163.com/playlist?id=2913857406
https://music.163.com/playlist?id=2808384996
https://music.163.com/playlist?id=2960516463
https://music.163.com/playlist?id=2632007068
https://music.163.com/playlist?id=2804732583
https://music.163.com/playlist?id=805407063
https://music.163.com/playlist?id=2032706580
https://music.163.com/playlist?id=892111543
https://music.163.com/playlist?id=2295551601
https://music.163.com/playlist?id=917309231
https://music.163.com/playlist?id=2331345133
https://music.163.com/playlist?id=2949670843
https://music.163.com/playlist?id=2564404001
https://music.163.com/playlist?id=2808834893
https://music.163.com/playlist?id=2821194580
https://music.163.com/playlist?id=2748990852
https://music.163.com/playlist?id=2827910968
https://music.163.com/playlist?id=2853229030
https://music.163.com/playlist?id=2951999252
https://music.163.com/playlist?id=2776791155
https://music.163.com/playlist?id=2829998155
https://music.163.com/playlist?id=2242683565
https://music.163.com/playlist?id=2886425294
https://music.163.com/playlist?id=2742358993
https://music.163.com/playlist?id=2968732422
https://music.163.com/playlist?id=2418216516
https://music.163.com/playlist?id=2478938515
https://music.163.com/playlist?id=814768511
https://music.163.com/playlist?id=2766896532
https://music.163.com/playlist?id=2864076078
https://music.163.com/playlist?id=2787148993
https://music.163.com/playlist?id=2890680239
https://music.163.com/playlist?id=2900036311
https://music.163.com/playlist?id=2799358027
https://music.163.com/playlist?id=2830430796
https://music.163.com/playlist?id=2691951865
https://music.163.com/playlist?id=2879338793
https://music.163.com/playlist?id=2870214925
https://music.163.com/playlist?id=2490908624
https://music.163.com/playlist?id=2406131319
https://music.163.com/playlist?id=2038254681
https://music.163.com/playlist?id=2792976270
https://music.163.com/playlist?id=2790326931
https://music.163.com/playlist?id=2904280967
https://music.163.com/playlist?id=2811289513
https://music.163.com/playlist?id=2853637054
https://music.163.com/playlist?id=2301843671
https://music.163.com/playlist?id=2907114072
https://music.163.com/playlist?id=2862384521
https://music.163.com/playlist?id=2879400461
https://music.163.com/playlist?id=2726789793
https://music.163.com/playlist?id=2749118640
https://music.163.com/playlist?id=2746809430
